,distance,elevation_gain,traffic_factor,weather_factor,speed_limit,emissions
0,77.64439999999999,0,1.0,1.0,80,9.317327999999998
1,41.683,0,1.0,1.0,80,5.0019599999999995
2,45.3597,0,1.0,1.0,80,5.4431639999999994
3,85.4739,0,1.0,1.0,80,10.256867999999999
0,77.64439999999999,0,1.0,1.0,80,9.315351119999995
1,41.683,0,1.0,1.0,80,5.368309080000002
2,45.3597,0,1.0,1.0,80,5.527142520000008
3,85.4739,0,1.0,1.0,80,9.747539520000016
